Ticker,Company,Industry,Sector,DividendYield,PayoutRatio
MMM,3M Company,Conglomerates,Industrials,2.16,0.48669997
AOS,A.O. Smith Corporation,Specialty Industrial Machinery,Industrials,2.18,0.3584
ABT,Abbott Laboratories,Medical Devices,Healthcare,2.45,0.6344
ABBV,AbbVie Inc.,Drug Manufacturers - General,Healthcare,3.31,2.7679
ACN,Accenture plc,Information Technology Services,Technology,3.24,0.5098
ADBE,Adobe Inc.,Software - Application,Technology,,0.0
AMD,"Advanced Micro Devices, Inc.",Semiconductors,Technology,,0.0
AES,The AES Corporation,Utilities - Diversified,Utilities,4.92,0.5373
AFL,AFLAC Incorporated,Insurance - Life,Financial Services,2.21,0.3402
A,"Agilent Technologies, Inc.",Diagnostics & Research,Healthcare,0.88,0.22049999
APD,"Air Products and Chemicals, Inc",Specialty Chemicals,Basic Materials,2.47,1.0099
ABNB,"Airbnb, Inc.",Travel Services,Consumer Cyclical,,0.0
AKAM,"Akamai Technologies, Inc.",Software - Infrastructure,Technology,,0.0
ALB,Albemarle Corporation,Specialty Chemicals,Basic Materials,0.91,0.5797
ARE,Alexandria Real Estate Equities,REIT - Office,Real Estate,9.44,6.8946996
ALGN,"Align Technology, Inc.",Medical Instruments & Supplies,Healthcare,,0.0
ALLE,Allegion plc,Security & Protection Services,Industrials,1.47,0.2742
LNT,Alliant Energy Corporation,Utilities - Regulated Electric,Utilities,2.82,0.6465
ALL,Allstate Corporation (The),Insurance - Property & Casualty,Financial Services,2.09,0.105100006
GOOGL,Alphabet Inc.,Internet Content & Information,Communication Services,0.28,0.076799996
GOOG,Alphabet Inc.,Internet Content & Information,Communication Services,0.29,0.076799996
MO,"Altria Group, Inc.",Tobacco,Consumer Defensive,6.45,1.0097001
AMZN,"Amazon.com, Inc.",Internet Retail,Consumer Cyclical,,0.0
AMCR,Amcor plc,Packaging & Containers,Consumer Cyclical,6.51,1.9267
AEE,Ameren Corporation,Utilities - Regulated Electric,Utilities,2.69,0.53080004
AEP,American Electric Power Company,Utilities - Regulated Electric,Utilities,2.86,0.56159997
AXP,American Express Company,Credit Services,Financial Services,1.27,0.2133
AIG,"American International Group, I",Insurance - Diversified,Financial Services,2.39,0.3223
AMT,American Tower Corporation (REI,REIT - Specialty,Real Estate,3.97,1.2593
AWK,"American Water Works Company, I",Utilities - Regulated Water,Utilities,2.4,0.5707
AMP,"Ameriprise Financial, Inc.",Asset Management,Financial Services,1.47,0.1731
AME,"AMETEK, Inc.",Specialty Industrial Machinery,Industrials,0.62,0.19379999
AMGN,Amgen Inc.,Drug Manufacturers - General,Healthcare,2.9,0.669
APH,Amphenol Corporation,Electronic Components,Technology,0.78,0.22309999
ADI,"Analog Devices, Inc.",Semiconductors,Technology,1.28,0.7239
AON,Aon plc,Insurance Brokers,Financial Services,0.92,0.171
APA,APA Corporation,Oil & Gas E&P,Energy,2.38,0.25059998
APO,"Apollo Global Management, Inc. ",Asset Management,Financial Services,1.91,0.35970002
AAPL,Apple Inc.,Consumer Electronics,Technology,0.41,0.1304
AMAT,"Applied Materials, Inc.",Semiconductor Equipment & Materials,Technology,0.61,0.1826
APP,Applovin Corporation,Advertising Agencies,Communication Services,,0.0
APTV,Aptiv PLC,Auto Parts,Consumer Cyclical,,0.0
ACGL,Arch Capital Group Ltd.,Insurance - Diversified,Financial Services,,0.0
ADM,Archer-Daniels-Midland Company,Farm Products,Consumer Defensive,2.82,0.91480005
ARES,Ares Management Corporation,Asset Management,Financial Services,5.27,2.6199
ANET,"Arista Networks, Inc.",Computer Hardware,Technology,,0.0
AJG,Arthur J. Gallagher & Co.,Insurance Brokers,Financial Services,1.29,0.45299998
AIZ,"Assurant, Inc.",Insurance - Property & Casualty,Financial Services,1.54,0.19370002
T,AT&T Inc.,Telecom Services,Communication Services,3.92,0.2738
ATO,Atmos Energy Corporation,Utilities - Regulated Gas,Utilities,2.12,0.4707
ADSK,"Autodesk, Inc.",Software - Application,Technology,,0.0
ADP,"Automatic Data Processing, Inc.",Software - Application,Technology,3.33,0.6071
AZO,"AutoZone, Inc.",Auto Parts,Consumer Cyclical,,0.0
AVB,"AvalonBay Communities, Inc.",REIT - Residential,Real Estate,4.29,0.94589996
AVY,Avery Dennison Corporation,Packaging & Containers,Consumer Cyclical,2.19,0.4209
AXON,"Axon Enterprise, Inc.",Aerospace & Defense,Industrials,,0.0
BKR,Baker Hughes Company,Oil & Gas Equipment & Services,Energy,1.52,0.3538
BALL,Ball Corporation,Packaging & Containers,Consumer Cyclical,1.33,0.24239999
BAC,Bank of America Corporation,Banks - Diversified,Financial Services,2.27,0.28350002
BAX,Baxter International Inc.,Medical Instruments & Supplies,Healthcare,2.16,3.0769
BDX,"Becton, Dickinson and Company",Medical Instruments & Supplies,Healthcare,2.72,0.6814
BRK-B,Berkshire Hathaway Inc. New,Insurance - Diversified,Financial Services,,0.0
BBY,"Best Buy Co., Inc.",Specialty Retail,Consumer Cyclical,5.95,0.754
TECH,Bio-Techne Corp,Biotechnology,Healthcare,0.6,0.6038
BIIB,Biogen Inc.,Drug Manufacturers - General,Healthcare,,0.0
BLK,"BlackRock, Inc.",Asset Management,Financial Services,2.37,0.5902
BX,Blackstone Inc.,Asset Management,Financial Services,4.19,1.2119
XYZ,"Block, Inc.",Software - Infrastructure,Technology,,0.0
BK,The Bank of New York Mellon Cor,Banks - Diversified,Financial Services,1.74,0.2703
BA,Boeing Company (The),Aerospace & Defense,Industrials,,0.0
BKNG,Booking Holdings Inc. Common St,Travel Services,Consumer Cyclical,0.94,0.2319
BSX,Boston Scientific Corporation,Medical Devices,Healthcare,,0.0
BMY,Bristol-Myers Squibb Company,Drug Manufacturers - General,Healthcare,4.23,0.71970004
AVGO,Broadcom Inc.,Semiconductors,Technology,0.83,0.47169998
BR,"Broadridge Financial Solutions,",Information Technology Services,Technology,2.42,0.4104
BRO,"Brown & Brown, Inc.",Insurance Brokers,Financial Services,0.96,0.19459999
BF-B,Brown Forman Inc,Beverages - Wineries & Distilleries,Consumer Defensive,3.42,0.5294
BLDR,"Builders FirstSource, Inc.",Building Products & Equipment,Industrials,,0.0
BG,Bunge Limited,Farm Products,Consumer Defensive,2.16,0.5639
BXP,"BXP, Inc.",REIT - Office,Real Estate,5.95,1.9310001
CHRW,"C.H. Robinson Worldwide, Inc.",Integrated Freight & Logistics,Industrials,1.5,0.5155
CDNS,"Cadence Design Systems, Inc.",Software - Application,Technology,,0.0
CPT,Camden Property Trust,REIT - Residential,Real Estate,4.21,1.1863999
CPB,The Campbell's Company,Packaged Foods,Consumer Defensive,7.08,0.8478
COF,Capital One Financial Corporati,Credit Services,Financial Services,1.76,0.77379996
CAH,"Cardinal Health, Inc.",Medical Distribution,Healthcare,0.95,0.2932
CCL,Carnival Corporation,Travel Services,Consumer Cyclical,0.59,0.0661
CARR,Carrier Global Corporation,Building Products & Equipment,Industrials,1.72,0.5325
CVNA,Carvana Co.,Auto & Truck Dealerships,Consumer Cyclical,,0.0
CAT,"Caterpillar, Inc.",Farm & Heavy Construction Machinery,Industrials,0.84,0.3105
CBOE,"Cboe Global Markets, Inc.",Financial Data & Stock Exchanges,Financial Services,0.96,0.2591
CBRE,CBRE Group Inc,Real Estate Services,Real Estate,,0.0
CDW,CDW Corporation,Information Technology Services,Technology,2.07,0.31
COR,"Cencora, Inc.",Medical Distribution,Healthcare,0.74,0.2701
CNC,Centene Corporation,Healthcare Plans,Healthcare,,0.0
CNP,"CenterPoint Energy, Inc (Holdin",Utilities - Regulated Electric,Utilities,2.1,0.55
CF,"CF Industries Holdings, Inc.",Agricultural Inputs,Basic Materials,1.54,0.22299999
CRL,Charles River Laboratories Inte,Diagnostics & Research,Healthcare,,0.0
SCHW,Charles Schwab Corporation (The,Capital Markets,Financial Services,1.37,0.2323
CHTR,"Charter Communications, Inc.",Telecom Services,Communication Services,,0.0
CVX,Chevron Corporation,Oil & Gas Integrated,Energy,3.58,1.0317
CMG,"Chipotle Mexican Grill, Inc.",Restaurants,Consumer Cyclical,,0.0
CB,Chubb Limited,Insurance - Property & Casualty,Financial Services,1.18,0.1488
CHD,"Church & Dwight Company, Inc.",Household & Personal Products,Consumer Defensive,1.32,0.39069998
CIEN,Ciena Corporation,Communication Equipment,Technology,,0.0
CI,The Cigna Group,Healthcare Plans,Healthcare,2.31,0.2723
CINF,Cincinnati Financial Corporatio,Insurance - Property & Casualty,Financial Services,2.24,0.22940001
CTAS,Cintas Corporation,Specialty Business Services,Industrials,1.03,0.3671
CSCO,"Cisco Systems, Inc.",Communication Equipment,Technology,2.13,0.5899
C,"Citigroup, Inc.",Banks - Diversified,Financial Services,2.08,0.3319
CFG,"Citizens Financial Group, Inc.",Banks - Regional,Financial Services,3.02,0.4456
CLX,Clorox Company (The),Household & Personal Products,Consumer Defensive,4.9,0.8052
CME,CME Group Inc.,Financial Data & Stock Exchanges,Financial Services,1.7,0.44799998
CMS,CMS Energy Corporation,Utilities - Regulated Electric,Utilities,2.9,0.6156
KO,Coca-Cola Company (The),Beverages - Non-Alcoholic,Consumer Defensive,2.69,0.6711
CTSH,Cognizant Technology Solutions ,Information Technology Services,Technology,2.11,0.2719
COHR,Coherent Corp.,Scientific & Technical Instruments,Technology,,0.0
COIN,"Coinbase Global, Inc.",Financial Data & Stock Exchanges,Financial Services,,0.0
CL,Colgate-Palmolive Company,Household & Personal Products,Consumer Defensive,2.49,0.78330004
CMCSA,Comcast Corporation,Telecom Services,Communication Services,4.73,0.18370001
FIX,"Comfort Systems USA, Inc.",Engineering & Construction,Industrials,0.16,0.0675
CAG,"ConAgra Brands, Inc.",Packaged Foods,Consumer Defensive,8.91,0.791
COP,ConocoPhillips,Oil & Gas E&P,Energy,2.57,0.5008
ED,"Consolidated Edison, Inc.",Utilities - Regulated Electric,Utilities,2.98,0.6028
STZ,"Constellation Brands, Inc.",Beverages - Brewers,Consumer Defensive,2.7,0.6389
CEG,Constellation Energy Corporatio,Utilities - Independent Power Producers,Utilities,0.63,0.20959999
COO,"The Cooper Companies, Inc.",Medical Instruments & Supplies,Healthcare,,0.0
CPRT,"Copart, Inc.",Specialty Business Services,Industrials,,0.0
GLW,Corning Incorporated,Electronic Components,Technology,0.76,0.612
CPAY,"Corpay, Inc.",Software - Infrastructure,Technology,,0.0
CTVA,"Corteva, Inc.",Agricultural Inputs,Basic Materials,0.84,0.4
CSGP,"CoStar Group, Inc.",Real Estate Services,Real Estate,,0.0
COST,Costco Wholesale Corporation,Discount Stores,Consumer Defensive,0.51,0.27040002
CTRA,Coterra Energy Inc.,Oil & Gas E&P,Energy,2.55,0.39290002
CRH,CRH PLC,Building Materials,Basic Materials,1.43,0.26860002
CRWD,"CrowdStrike Holdings, Inc.",Software - Infrastructure,Technology,,0.0
CCI,Crown Castle Inc.,REIT - Specialty,Real Estate,5.01,1.8859
CSX,CSX Corporation,Railroads,Industrials,1.36,0.3377
CMI,Cummins Inc.,Specialty Industrial Machinery,Industrials,1.42,0.3727
CVS,CVS Health Corporation,Healthcare Plans,Healthcare,3.62,1.9137
DHR,Danaher Corporation,Diagnostics & Research,Healthcare,0.84,0.2545
DRI,"Darden Restaurants, Inc.",Restaurants,Consumer Cyclical,3.06,0.6217
DDOG,"Datadog, Inc.",Software - Application,Technology,,0.0
DVA,DaVita Inc.,Medical Care Facilities,Healthcare,,0.0
DECK,Deckers Outdoor Corporation,Footwear & Accessories,Consumer Cyclical,,0.0
DE,Deere & Company,Farm & Heavy Construction Machinery,Industrials,1.13,0.3655
DELL,Dell Technologies Inc.,Computer Hardware,Technology,1.45,0.24190001
DAL,"Delta Air Lines, Inc.",Airlines,Industrials,1.12,0.0881
DVN,Devon Energy Corporation,Oil & Gas E&P,Energy,1.94,0.23020001
DXCM,"DexCom, Inc.",Medical Devices,Healthcare,,0.0
FANG,"Diamondback Energy, Inc.",Oil & Gas E&P,Energy,2.17,0.6981
DLR,"Digital Realty Trust, Inc.",REIT - Specialty,Real Estate,2.69,1.3630999
DG,Dollar General Corporation,Discount Stores,Consumer Defensive,1.97,0.3445
DLTR,"Dollar Tree, Inc.",Discount Stores,Consumer Defensive,,0.0
D,"Dominion Energy, Inc.",Utilities - Regulated Electric,Utilities,4.25,0.76949996
DPZ,Domino's Pizza Inc,Restaurants,Consumer Cyclical,2.15,0.3961
DASH,"DoorDash, Inc.",Internet Retail,Consumer Cyclical,,0.0
DOV,Dover Corporation,Specialty Industrial Machinery,Industrials,1.01,0.2597
DOW,Dow Inc.,Chemicals,Basic Materials,4.23,7.0
DHI,"D.R. Horton, Inc.",Residential Construction,Consumer Cyclical,1.29,0.15010001
DTE,DTE Energy Company,Utilities - Regulated Electric,Utilities,3.05,0.6309
DUK,Duke Energy Corporation (Holdin,Utilities - Regulated Electric,Utilities,3.22,0.6688
DD,"DuPont de Nemours, Inc.",Specialty Chemicals,Basic Materials,1.76,6.8095
ETN,"Eaton Corporation, PLC",Specialty Industrial Machinery,Industrials,1.22,0.39810002
EBAY,eBay Inc.,Internet Retail,Consumer Cyclical,1.32,0.2723
SATS,EchoStar Corporation,Telecom Services,Communication Services,,0.0
ECL,Ecolab Inc.,Specialty Chemicals,Basic Materials,1.04,0.36810002
EIX,Edison International,Utilities - Regulated Electric,Utilities,4.78,0.2909
EW,Edwards Lifesciences Corporatio,Medical Devices,Healthcare,,0.0
EA,Electronic Arts Inc.,Electronic Gaming & Multimedia,Communication Services,0.37,0.2846
ELV,"Elevance Health, Inc.",Healthcare Plans,Healthcare,2.29,0.2713
EME,"EMCOR Group, Inc.",Engineering & Construction,Industrials,0.21,0.0355
EMR,Emerson Electric Company,Specialty Industrial Machinery,Industrials,1.69,0.5239
ETR,Entergy Corporation,Utilities - Regulated Electric,Utilities,2.16,0.624
EOG,"EOG Resources, Inc.",Oil & Gas E&P,Energy,2.86,0.4326
EPAM,"EPAM Systems, Inc.",Information Technology Services,Technology,,0.0
EQT,EQT Corporation,Oil & Gas E&P,Energy,1.11,0.1926
EFX,"Equifax, Inc.",Consulting Services,Industrials,1.13,0.35529998
EQIX,"Equinix, Inc.",REIT - Specialty,Real Estate,1.92,1.3634
EQR,Equity Residential,REIT - Residential,Real Estate,4.66,0.9435
ERIE,Erie Indemnity Company,Insurance Brokers,Financial Services,2.34,0.5199
ESS,"Essex Property Trust, Inc.",REIT - Residential,Real Estate,4.16,0.9885
EL,"Estee Lauder Companies, Inc. (T",Household & Personal Products,Consumer Defensive,2.03,4.7143
EG,"Everest Group, Ltd.",Insurance - Reinsurance,Financial Services,2.45,0.2116
EVRG,"Evergy, Inc.",Utilities - Regulated Electric,Utilities,3.36,0.737
ES,Eversource Energy (D/B/A),Utilities - Regulated Electric,Utilities,4.53,0.66010004
EXC,Exelon Corporation,Utilities - Regulated Electric,Utilities,3.41,0.5861
EXE,Expand Energy Corporation,Oil & Gas E&P,Energy,3.07,0.42139998
EXPE,"Expedia Group, Inc.",Travel Services,Consumer Cyclical,0.75,0.16309999
EXPD,Expeditors International of Was,Integrated Freight & Logistics,Industrials,1.06,0.2588
EXR,Extra Space Storage Inc,REIT - Industrial,Real Estate,4.84,1.4117999
XOM,Exxon Mobil Corporation,Oil & Gas Integrated,Energy,2.56,0.597
FFIV,"F5, Inc.",Software - Infrastructure,Technology,,0.0
FDS,FactSet Research Systems Inc.,Financial Data & Stock Exchanges,Financial Services,1.93,0.2831
FICO,Fair Isaac Corporation,Software - Application,Technology,,0.0
FAST,Fastenal Company,Industrial Distribution,Industrials,1.94,0.8028
FRT,Federal Realty Investment Trust,REIT - Retail,Real Estate,4.2,0.953
FDX,FedEx Corporation,Integrated Freight & Logistics,Industrials,1.6,0.3059
FIS,Fidelity National Information S,Information Technology Services,Technology,3.54,2.1917999
FITB,Fifth Third Bancorp,Banks - Regional,Financial Services,3.4,0.4363
FSLR,"First Solar, Inc.",Solar,Technology,,0.0
FE,FirstEnergy Corp.,Utilities - Regulated Electric,Utilities,3.63,1.0
FISV,"Fiserv, Inc.",,,,
F,Ford Motor Company,Auto Manufacturers,Consumer Cyclical,5.17,0.641
FTNT,"Fortinet, Inc.",Software - Infrastructure,Technology,,0.0
FTV,Fortive Corporation,Scientific & Technical Instruments,Technology,0.46,0.1761
FOXA,Fox Corporation,Entertainment,Communication Services,0.96,0.1319
FOX,Fox Corporation,Entertainment,Communication Services,1.06,0.1319
BEN,"Franklin Resources, Inc.",Asset Management,Financial Services,5.64,1.1944001
FCX,"Freeport-McMoRan, Inc.",Copper,Basic Materials,0.98,0.39470002
GRMN,Garmin Ltd.,Scientific & Technical Instruments,Technology,1.77,0.4016
IT,"Gartner, Inc.",Information Technology Services,Technology,,0.0
GE,GE Aerospace,Aerospace & Defense,Industrials,0.67,0.17889999
GEHC,GE HealthCare Technologies Inc.,Medical Devices,Healthcare,0.2,0.0308
GEV,GE Vernova Inc.,Specialty Industrial Machinery,Industrials,0.17,0.070700005
GEN,Gen Digital Inc.,Software - Infrastructure,Technology,2.65,0.5155
GNRC,Generac Holdlings Inc.,Specialty Industrial Machinery,Industrials,,0.0
GD,General Dynamics Corporation,Aerospace & Defense,Industrials,1.74,0.38830003
GIS,"General Mills, Inc.",Packaged Foods,Consumer Defensive,6.52,0.5941
GM,General Motors Company,Auto Manufacturers,Consumer Cyclical,0.99,0.1743
GPC,Genuine Parts Company,Auto Parts,Consumer Cyclical,4.11,8.766
GILD,"Gilead Sciences, Inc.",Drug Manufacturers - General,Healthcare,2.35,0.4661
GPN,Global Payments Inc.,Specialty Business Services,Industrials,1.56,0.22569999
GL,Globe Life Inc.,Insurance - Life,Financial Services,0.93,0.076799996
GDDY,GoDaddy Inc.,Software - Infrastructure,Technology,,0.0
GS,"Goldman Sachs Group, Inc. (The)",Capital Markets,Financial Services,2.09,0.2728
HAL,Halliburton Company,Oil & Gas Equipment & Services,Energy,1.78,0.45330003
HIG,"The Hartford Insurance Group, I",Insurance - Diversified,Financial Services,1.76,0.16219999
HAS,"Hasbro, Inc.",Leisure,Consumer Cyclical,3.11,0.92410004
HCA,"HCA Healthcare, Inc.",Medical Care Facilities,Healthcare,0.66,0.1017
DOC,"Healthpeak Properties, Inc.",REIT - Healthcare Facilities,Real Estate,7.39,12.2003
HSIC,"Henry Schein, Inc.",Medical Distribution,Healthcare,,0.0
HSY,The Hershey Company,Confectioners,Consumer Defensive,2.82,1.2627
HPE,Hewlett Packard Enterprise Comp,Communication Equipment,Technology,2.32,0.6118
HLT,Hilton Worldwide Holdings Inc.,Lodging,Consumer Cyclical,0.2,0.098000005
HOLX,"Hologic, Inc.",Medical Instruments & Supplies,Healthcare,,0.0
HD,"Home Depot, Inc. (The)",Home Improvement Retail,Consumer Cyclical,2.9,0.6465
HON,Honeywell International Inc.,Conglomerates,Industrials,2.07,0.65989995
HRL,Hormel Foods Corporation,Packaged Foods,Consumer Defensive,5.3,1.3061999
HST,"Host Hotels & Resorts, Inc.",REIT - Hotel & Motel,Real Estate,4.18,0.72730005
HWM,Howmet Aerospace Inc.,Aerospace & Defense,Industrials,0.2,0.118599996
HPQ,HP Inc.,Computer Hardware,Technology,6.15,0.4425
HUBB,Hubbell Inc,Electrical Equipment & Parts,Industrials,1.15,0.32529998
HUM,Humana Inc.,Healthcare Plans,Healthcare,1.99,0.35979998
HBAN,Huntington Bancshares Incorpora,Banks - Regional,Financial Services,3.93,0.44599998
HII,"Huntington Ingalls Industries, ",Aerospace & Defense,Industrials,1.39,0.35279998
IBM,International Business Machines,Information Technology Services,Technology,2.71,0.6023
IEX,IDEX Corporation,Specialty Industrial Machinery,Industrials,1.49,0.4399
IDXX,"IDEXX Laboratories, Inc.",Diagnostics & Research,Healthcare,,0.0
ITW,Illinois Tool Works Inc.,Specialty Industrial Machinery,Industrials,2.49,0.59290004
INCY,Incyte Corporation,Biotechnology,Healthcare,,0.0
IR,Ingersoll Rand Inc.,Specialty Industrial Machinery,Industrials,0.1,0.0552
PODD,Insulet Corporation,Medical Devices,Healthcare,,0.0
INTC,Intel Corporation,Semiconductors,Technology,,0.0
IBKR,"Interactive Brokers Group, Inc.",Capital Markets,Financial Services,0.47,0.1363
ICE,Intercontinental Exchange Inc.,Financial Data & Stock Exchanges,Financial Services,1.28,0.3328
IFF,International Flavors & Fragran,Specialty Chemicals,Basic Materials,2.21,1.6841999
IP,International Paper Company,Packaging & Containers,Consumer Cyclical,5.32,1.5812
INTU,Intuit Inc.,Software - Application,Technology,1.1,0.2915
ISRG,"Intuitive Surgical, Inc.",Medical Instruments & Supplies,Healthcare,,0.0
IVZ,Invesco Ltd,Asset Management,Financial Services,3.48,0.5646
INVH,Invitation Homes Inc.,REIT - Residential,Real Estate,4.7,1.2188
IQV,"IQVIA Holdings, Inc.",Diagnostics & Research,Healthcare,,0.0
IRM,Iron Mountain Incorporated (Del,REIT - Specialty,Real Estate,3.35,6.5694
JBHT,"J.B. Hunt Transport Services, I",Integrated Freight & Logistics,Industrials,0.84,0.2876
JBL,Jabil Inc.,Electronic Components,Technology,0.12,0.0431
JKHY,"Jack Henry & Associates, Inc.",Information Technology Services,Technology,1.49,0.33290002
J,Jacobs Solutions Inc.,Engineering & Construction,Industrials,1.12,0.3377
JNJ,Johnson & Johnson,Drug Manufacturers - General,Healthcare,2.14,0.466
JCI,Johnson Controls International ,Building Products & Equipment,Industrials,1.2,0.5168
JPM,JP Morgan Chase & Co.,Banks - Diversified,Financial Services,2.04,0.2897
KVUE,Kenvue Inc.,Household & Personal Products,Consumer Defensive,4.84,1.0855
KDP,Keurig Dr Pepper Inc.,Beverages - Non-Alcoholic,Consumer Defensive,3.63,0.6013
KEY,KeyCorp,Banks - Regional,Financial Services,4.01,0.5395
KEYS,Keysight Technologies Inc.,Scientific & Technical Instruments,Technology,,0.0
KMB,Kimberly-Clark Corporation,Household & Personal Products,Consumer Defensive,5.33,1.037
KIM,Kimco Realty Corporation (HC),REIT - Retail,Real Estate,4.6,1.2317
KMI,"Kinder Morgan, Inc.",Oil & Gas Midstream,Energy,3.55,0.85040003
KKR,KKR & Co. Inc.,Asset Management,Financial Services,0.81,0.312
KLAC,KLA Corporation,Semiconductor Equipment & Materials,Technology,0.5,0.21540001
KHC,The Kraft Heinz Company,Packaged Foods,Consumer Defensive,7.02,0.7306
KR,Kroger Company (The),Grocery Stores,Consumer Defensive,1.94,0.8701
LHX,"L3Harris Technologies, Inc.",Aerospace & Defense,Industrials,1.4,0.56270003
LH,Labcorp Holdings Inc.,Diagnostics & Research,Healthcare,1.05,0.2753
LRCX,Lam Research Corporation,Semiconductor Equipment & Materials,Technology,0.48,0.20120001
LVS,Las Vegas Sands Corp.,Resorts & Casinos,Consumer Cyclical,1.93,0.4255
LDOS,"Leidos Holdings, Inc.",Information Technology Services,Technology,1.05,0.1463
LEN,Lennar Corporation,Residential Construction,Consumer Cyclical,2.31,0.2878
LII,"Lennox International, Inc.",Building Products & Equipment,Industrials,1.14,0.2216
LLY,Eli Lilly and Company,Drug Manufacturers - General,Healthcare,0.67,0.26139998
LIN,Linde plc,Specialty Chemicals,Basic Materials,1.27,0.4107
LYV,"Live Nation Entertainment, Inc.",Entertainment,Communication Services,,0.0
LMT,Lockheed Martin Corporation,Aerospace & Defense,Industrials,2.17,0.62119997
L,Loews Corporation,Insurance - Property & Casualty,Financial Services,0.23,0.031400003
LOW,"Lowe's Companies, Inc.",Home Improvement Retail,Consumer Cyclical,2.08,0.40080002
LULU,lululemon athletica inc.,Apparel Retail,Consumer Cyclical,,0.0
LITE,Lumentum Holdings Inc.,Communication Equipment,Technology,,0.0
LYB,LyondellBasell Industries NV,Specialty Chemicals,Basic Materials,6.03,11.468101
MTB,M&T Bank Corporation,Banks - Regional,Financial Services,2.85,0.3353
MPC,Marathon Petroleum Corporation,Oil & Gas Refining & Marketing,Energy,1.58,0.2821
MAR,Marriott International,Lodging,Consumer Cyclical,0.81,0.2776
MRSH,Marsh,Insurance Brokers,Financial Services,2.06,0.4069
MLM,"Martin Marietta Materials, Inc.",Building Materials,Basic Materials,0.56,0.1983
MAS,Masco Corporation,Building Products & Equipment,Industrials,2.17,0.32119998
MA,Mastercard Incorporated,Credit Services,Financial Services,0.71,0.184
MKC,"McCormick & Company, Incorporat",Packaged Foods,Consumer Defensive,3.93,0.3
MCD,McDonald's Corporation,Restaurants,Consumer Cyclical,2.42,0.6
MCK,McKesson Corporation,Medical Distribution,Healthcare,0.37,0.0883
MDT,Medtronic plc.,Medical Devices,Healthcare,3.28,0.79050004
MRK,"Merck & Company, Inc.",Drug Manufacturers - General,Healthcare,2.81,0.45049998
META,"Meta Platforms, Inc.",Internet Content & Information,Communication Services,0.37,0.08939999
MET,"MetLife, Inc.",Insurance - Life,Financial Services,3.21,0.4772
MTD,"Mettler-Toledo International, I",Diagnostics & Research,Healthcare,,0.0
MGM,MGM Resorts International,Resorts & Casinos,Consumer Cyclical,,0.0
MCHP,Microchip Technology Incorporat,Semiconductors,Technology,2.77,3.1772
MU,"Micron Technology, Inc.",Semiconductors,Technology,0.16,0.0217
MSFT,Microsoft Corporation,Software - Infrastructure,Technology,0.97,0.21280001
MAA,Mid-America Apartment Communiti,REIT - Residential,Real Estate,4.9,1.6032001
MRNA,"Moderna, Inc.",Biotechnology,Healthcare,,0.0
TAP,Molson Coors Beverage Company,Beverages - Brewers,Consumer Defensive,4.36,0.35900003
MDLZ,"Mondelez International, Inc.",Confectioners,Consumer Defensive,3.48,1.0265
MPWR,"Monolithic Power Systems, Inc.",Semiconductors,Technology,0.72,0.48520002
MNST,Monster Beverage Corporation,Beverages - Non-Alcoholic,Consumer Defensive,,0.0
MCO,Moody's Corporation,Financial Data & Stock Exchanges,Financial Services,0.93,0.2751
MS,Morgan Stanley,Capital Markets,Financial Services,2.41,0.3771
MOS,Mosaic Company (The),Agricultural Inputs,Basic Materials,3.36,0.5176
MSI,"Motorola Solutions, Inc.",Communication Equipment,Technology,1.1,0.3514
MSCI,MSCI Inc.,Financial Data & Stock Exchanges,Financial Services,1.51,0.4589
NDAQ,"Nasdaq, Inc.",Financial Data & Stock Exchanges,Financial Services,1.25,0.3398
NTAP,"NetApp, Inc.",Software - Infrastructure,Technology,2.01,0.349
NFLX,"Netflix, Inc.",Entertainment,Communication Services,,0.0
NEM,Newmont Corporation,Gold,Basic Materials,0.91,0.1565
NWSA,News Corporation,Entertainment,Communication Services,0.82,0.2597
NWS,News Corporation,Entertainment,Communication Services,0.71,0.2597
NEE,"NextEra Energy, Inc.",Utilities - Regulated Electric,Utilities,2.68,0.6867
NKE,"Nike, Inc.",Footwear & Accessories,Consumer Cyclical,3.71,1.0658001
NI,NiSource Inc,Utilities - Regulated Gas,Utilities,2.53,0.5744
NDSN,Nordson Corporation,Specialty Industrial Machinery,Industrials,1.25,0.3463
NSC,Norfolk Southern Corporation,Railroads,Industrials,1.88,0.42349997
NTRS,Northern Trust Corporation,Asset Management,Financial Services,2.21,0.3547
NOC,Northrop Grumman Corporation,Aerospace & Defense,Industrials,1.32,0.3091
NCLH,Norwegian Cruise Line Holdings ,Travel Services,Consumer Cyclical,,0.0
NRG,"NRG Energy, Inc.",Utilities - Independent Power Producers,Utilities,1.24,0.4389
NUE,Nucor Corporation,Steel,Basic Materials,1.3,0.29389998
NVDA,NVIDIA Corporation,Semiconductors,Technology,0.02,0.0082
NVR,"NVR, Inc.",Residential Construction,Consumer Cyclical,,0.0
NXPI,NXP Semiconductors N.V.,Semiconductors,Technology,2.08,0.5102
ORLY,"O'Reilly Automotive, Inc.",Auto Parts,Consumer Cyclical,,0.0
OXY,Occidental Petroleum Corporatio,Oil & Gas E&P,Energy,1.65,0.7111
ODFL,"Old Dominion Freight Line, Inc.",Trucking,Industrials,0.59,0.2314
OMC,Omnicom Group Inc.,Advertising Agencies,Communication Services,4.28,0.413
ON,ON Semiconductor Corporation,Semiconductors,Technology,,0.0
OKE,"ONEOK, Inc.",Oil & Gas Midstream,Energy,4.71,0.7601
ORCL,Oracle Corporation,Software - Infrastructure,Technology,1.37,0.35909998
OTIS,Otis Worldwide Corporation,Specialty Industrial Machinery,Industrials,2.16,0.4714
PCAR,PACCAR Inc.,Farm & Heavy Construction Machinery,Industrials,1.12,0.2927
PKG,Packaging Corporation of Americ,Packaging & Containers,Consumer Cyclical,2.45,0.5828
PLTR,Palantir Technologies Inc.,Software - Infrastructure,Technology,,0.0
PANW,"Palo Alto Networks, Inc.",Software - Infrastructure,Technology,,0.0
PSKY,Paramount Skydance Corporation,Entertainment,Communication Services,2.1,6.6667
PH,Parker-Hannifin Corporation,Specialty Industrial Machinery,Industrials,0.79,0.2565
PAYX,"Paychex, Inc.",Software - Application,Technology,4.71,0.9536
PYPL,"PayPal Holdings, Inc.",Credit Services,Financial Services,1.24,0.025899999
PNR,Pentair plc.,Specialty Industrial Machinery,Industrials,1.21,0.2545
PEP,"Pepsico, Inc.",Beverages - Non-Alcoholic,Consumer Defensive,3.62,0.9371
PFE,"Pfizer, Inc.",Drug Manufacturers - General,Healthcare,6.07,1.2647
PCG,Pacific Gas & Electric Co.,Utilities - Regulated Electric,Utilities,1.13,0.105900005
PM,Philip Morris International Inc,Tobacco,Consumer Defensive,3.72,0.7765
PSX,Phillips 66,Oil & Gas Refining & Marketing,Energy,2.88,0.4402
PNW,Pinnacle West Capital Corporati,Utilities - Regulated Electric,Utilities,3.54,0.7119
PNC,"PNC Financial Services Group, I",Banks - Regional,Financial Services,3.21,0.3978
POOL,Pool Corporation,Industrial Distribution,Industrials,2.46,0.4562
PPG,"PPG Industries, Inc.",Specialty Chemicals,Basic Materials,2.75,0.4017
PPL,PPL Corporation,Utilities - Regulated Electric,Utilities,2.95,0.6855
PFG,Principal Financial Group Inc,Asset Management,Financial Services,3.47,0.58669996
PG,Procter & Gamble Company (The),Household & Personal Products,Consumer Defensive,2.95,0.6188
PGR,Progressive Corporation (The),Insurance - Property & Casualty,Financial Services,7.12,0.7228
PLD,"Prologis, Inc.",REIT - Industrial,Real Estate,3.2,1.1348001
PRU,"Prudential Financial, Inc.",Insurance - Life,Financial Services,5.59,0.5405
PEG,Public Service Enterprise Group,Utilities - Regulated Electric,Utilities,3.28,0.59720004
PTC,PTC Inc.,Software - Application,Technology,,0.0
PSA,Public Storage,REIT - Industrial,Real Estate,4.28,1.3319
PHM,"PulteGroup, Inc.",Residential Construction,Consumer Cyclical,0.89,0.08270001
PWR,"Quanta Services, Inc.",Engineering & Construction,Industrials,0.08,0.060300004
QCOM,QUALCOMM Incorporated,Semiconductors,Technology,2.81,0.7097
DGX,Quest Diagnostics Incorporated,Diagnostics & Research,Healthcare,1.74,0.36
Q,"Qnity Electronics, Inc.",Semiconductor Equipment & Materials,Technology,0.12,0.0182
RL,Ralph Lauren Corporation,Apparel Manufacturing,Consumer Cyclical,1.05,0.24229999
RJF,"Raymond James Financial, Inc.",Asset Management,Financial Services,1.52,0.19940001
RTX,RTX Corporation,Aerospace & Defense,Industrials,1.39,0.53830004
O,Realty Income Corporation,REIT - Retail,Real Estate,5.2,2.7547
REG,Regency Centers Corporation,REIT - Retail,Real Estate,3.92,1.0177
REGN,"Regeneron Pharmaceuticals, Inc.",Biotechnology,Healthcare,0.49,0.0849
RF,Regions Financial Corporation,Banks - Regional,Financial Services,3.95,0.44779998
RSG,"Republic Services, Inc.",Waste Management,Industrials,1.12,0.3518
RMD,ResMed Inc.,Medical Instruments & Supplies,Healthcare,1.07,0.2235
RVTY,"Revvity, Inc.",Diagnostics & Research,Healthcare,0.31,0.1359
HOOD,"Robinhood Markets, Inc.",Capital Markets,Financial Services,,0.0
ROK,"Rockwell Automation, Inc.",Specialty Industrial Machinery,Industrials,1.51,0.6069
ROL,"Rollins, Inc.",Personal Services,Consumer Cyclical,1.35,0.6228
ROP,"Roper Technologies, Inc.",Software - Application,Technology,1.02,0.2324
ROST,"Ross Stores, Inc.",Apparel Retail,Consumer Cyclical,0.81,0.2451
RCL,Royal Caribbean Cruises Ltd.,Travel Services,Consumer Cyclical,1.55,0.2242
SPGI,S&P Global Inc.,Financial Data & Stock Exchanges,Financial Services,0.9,0.2619
CRM,"Salesforce, Inc.",Software - Application,Technology,0.94,0.2133
SNDK,Sandisk Corporation,Computer Hardware,Technology,,0.0
SBAC,SBA Communications Corporation,REIT - Specialty,Real Estate,2.45,0.45310003
SLB,SLB Limited,Oil & Gas Equipment & Services,Energy,2.39,0.48509997
STX,Seagate Technology Holdings PLC,Computer Hardware,Technology,0.69,0.32770002
SRE,DBA Sempra,Utilities - Diversified,Utilities,2.65,0.9382
NOW,"ServiceNow, Inc.",Software - Application,Technology,,0.0
SHW,Sherwin-Williams Company (The),Specialty Chemicals,Basic Materials,1.01,0.308
SPG,"Simon Property Group, Inc.",REIT - Retail,Real Estate,4.58,0.6034
SWKS,"Skyworks Solutions, Inc.",Semiconductors,Technology,5.15,1.0805
SJM,The J.M. Smucker Company,Packaged Foods,Consumer Defensive,4.61,0.8606
SW,Smurfit WestRock plc,Packaging & Containers,Consumer Cyclical,4.6,1.2955999
SNA,Snap-On Incorporated,Tools & Accessories,Industrials,2.67,0.4617
SOLV,Solventum Corporation,Medical Instruments & Supplies,Healthcare,,0.0
SO,Southern Company (The),Utilities - Regulated Electric,Utilities,3.04,0.75
LUV,Southwest Airlines Company,Airlines,Industrials,1.91,0.9114
SWK,"Stanley Black & Decker, Inc.",Tools & Accessories,Industrials,4.84,1.2452999
SBUX,Starbucks Corporation,Restaurants,Consumer Cyclical,2.74,2.0417
STT,State Street Corporation,Asset Management,Financial Services,2.61,0.3404
STLD,"Steel Dynamics, Inc.",Steel,Basic Materials,1.13,0.25030002
STE,STERIS plc (Ireland),Medical Devices,Healthcare,1.12,0.33470002
SYK,Stryker Corporation,Medical Devices,Healthcare,1.06,0.4048
SMCI,"Super Micro Computer, Inc.",Computer Hardware,Technology,,0.0
SYF,Synchrony Financial,Credit Services,Financial Services,1.75,0.123900004
SNPS,"Synopsys, Inc.",Software - Infrastructure,Technology,,0.0
SYY,Sysco Corporation,Food Distribution,Consumer Defensive,3.04,0.5741
TMUS,"T-Mobile US, Inc.",Telecom Services,Communication Services,2.03,0.3765
TROW,"T. Rowe Price Group, Inc.",Asset Management,Financial Services,5.77,0.5498
TTWO,"Take-Two Interactive Software, ",Electronic Gaming & Multimedia,Communication Services,,0.0
TPR,"Tapestry, Inc.",Luxury Goods,Consumer Cyclical,1.13,0.5814
TRGP,"Targa Resources, Inc.",Oil & Gas Midstream,Energy,1.64,0.44169998
TGT,Target Corporation,Discount Stores,Consumer Defensive,3.79,0.556
TEL,TE Connectivity plc,Electronic Components,Technology,1.39,0.40060002
TDY,Teledyne Technologies Incorpora,Scientific & Technical Instruments,Technology,,0.0
TER,"Teradyne, Inc.",Semiconductor Equipment & Materials,Technology,0.17,0.1383
TSLA,"Tesla, Inc.",Auto Manufacturers,Consumer Cyclical,,0.0
TXN,Texas Instruments Incorporated,Semiconductors,Technology,2.91,1.0092
TPL,Texas Pacific Land Corporation,Oil & Gas E&P,Energy,0.54,0.3061
TXT,Textron Inc.,Aerospace & Defense,Industrials,0.09,0.0156
TMO,Thermo Fisher Scientific Inc,Diagnostics & Research,Healthcare,0.36,0.096999995
TJX,"TJX Companies, Inc. (The)",Apparel Retail,Consumer Cyclical,1.19,0.3388
TKO,"TKO Group Holdings, Inc.",Entertainment,Communication Services,1.53,1.0177
TTD,"The Trade Desk, Inc.",Advertising Agencies,Communication Services,,0.0
TSCO,Tractor Supply Company,Specialty Retail,Consumer Cyclical,2.19,0.4466
TT,Trane Technologies plc,Building Products & Equipment,Industrials,0.98,0.2861
TDG,Transdigm Group Incorporated,Aerospace & Defense,Industrials,,0.0
TRV,"The Travelers Companies, Inc.",Insurance - Property & Casualty,Financial Services,1.5,0.1586
TRMB,Trimble Inc.,Scientific & Technical Instruments,Technology,,0.0
TFC,Truist Financial Corporation,Banks - Regional,Financial Services,4.41,0.5445
TYL,"Tyler Technologies, Inc.",Software - Application,Technology,,0.0
TSN,"Tyson Foods, Inc.",Farm Products,Consumer Defensive,3.16,3.5893
USB,U.S. Bancorp,Banks - Regional,Financial Services,3.89,0.4416
UBER,"Uber Technologies, Inc.",Software - Application,Technology,,0.0
UDR,"UDR, Inc.",REIT - Residential,Real Estate,5.02,1.5177001
ULTA,"Ulta Beauty, Inc.",Specialty Retail,Consumer Cyclical,,0.0
UNP,Union Pacific Corporation,Railroads,Industrials,2.26,0.4541
UAL,"United Airlines Holdings, Inc.",Airlines,Industrials,,0.0
UPS,"United Parcel Service, Inc.",Integrated Freight & Logistics,Industrials,6.68,1.0
URI,"United Rentals, Inc.",Rental & Leasing Services,Industrials,1.08,0.18540001
UNH,UnitedHealth Group Incorporated,Healthcare Plans,Healthcare,3.19,0.65989995
UHS,"Universal Health Services, Inc.",Medical Care Facilities,Healthcare,0.45,0.0346
VLO,Valero Energy Corporation,Oil & Gas Refining & Marketing,Energy,1.97,0.5971
VTR,"Ventas, Inc.",REIT - Healthcare Facilities,Real Estate,2.5,3.5556
VLTO,Veralto Corp,Pollution & Treatment Controls,Industrials,0.59,0.1223
VRSN,"VeriSign, Inc.",Software - Infrastructure,Technology,1.25,0.2622
VRSK,"Verisk Analytics, Inc.",Consulting Services,Industrials,1.08,0.2778
VZ,Verizon Communications Inc.,Telecom Services,Communication Services,5.73,0.6736
VRTX,Vertex Pharmaceuticals Incorpor,Biotechnology,Healthcare,,0.0
VRT,"Vertiv Holdings, LLC",Electrical Equipment & Parts,Industrials,0.1,0.0513
VTRS,Viatris Inc.,Drug Manufacturers - Specialty & Generic,Healthcare,3.57,9.6
VICI,VICI Properties Inc.,REIT - Diversified,Real Estate,6.44,0.67620003
V,Visa Inc.,Credit Services,Financial Services,0.89,0.2291
VST,Vistra Corp.,Utilities - Independent Power Producers,Utilities,0.6,0.41349998
VMC,Vulcan Materials Company (Holdi,Building Materials,Basic Materials,0.74,0.24049999
WRB,W.R. Berkley Corporation,Insurance - Property & Casualty,Financial Services,0.55,0.0787
GWW,"W.W. Grainger, Inc.",Industrial Distribution,Industrials,0.81,0.2494
WAB,Westinghouse Air Brake Technolo,Railroads,Industrials,0.42,0.1464
WMT,Walmart Inc.,Discount Stores,Consumer Defensive,0.79,0.3443
DIS,Walt Disney Company (The),Entertainment,Communication Services,1.55,0.1841
WBD,"Warner Bros. Discovery, Inc. - ",Entertainment,Communication Services,,0.0
WM,"Waste Management, Inc.",Waste Management,Industrials,1.45,0.4925
WAT,Waters Corporation,Diagnostics & Research,Healthcare,,0.0
WEC,"WEC Energy Group, Inc.",Utilities - Regulated Electric,Utilities,3.24,0.7422
WFC,Wells Fargo & Company,Banks - Diversified,Financial Services,2.23,0.2716
WELL,Welltower Inc.,REIT - Healthcare Facilities,Real Estate,1.46,1.9858999
WST,"West Pharmaceutical Services, I",Medical Instruments & Supplies,Healthcare,0.35,0.1252
WDC,Western Digital Corporation,Computer Hardware,Technology,0.17,0.0307
WY,Weyerhaeuser Company,REIT - Specialty,Real Estate,3.44,1.8666999
WSM,"Williams-Sonoma, Inc.",Specialty Retail,Consumer Cyclical,1.69,0.29860002
WMB,"Williams Companies, Inc. (The)",Oil & Gas Midstream,Energy,2.92,0.9346
WTW,Willis Towers Watson Public Lim,Insurance Brokers,Financial Services,1.33,0.22629999
WDAY,"Workday, Inc.",Software - Application,Technology,,0.0
WYNN,"Wynn Resorts, Limited",Resorts & Casinos,Consumer Cyclical,0.98,0.3185
XEL,Xcel Energy Inc.,Utilities - Regulated Electric,Utilities,2.94,0.6667
XYL,Xylem Inc.,Specialty Industrial Machinery,Industrials,1.42,0.4082
YUM,"Yum! Brands, Inc.",Restaurants,Consumer Cyclical,1.92,0.5117
ZBRA,Zebra Technologies Corporation,Communication Equipment,Technology,,0.0
ZBH,"Zimmer Biomet Holdings, Inc.",Medical Devices,Healthcare,1.06,0.27040002
ZTS,Zoetis Inc.,Drug Manufacturers - Specialty & Generic,Healthcare,1.8,0.33220002
